Question,Énoncé,A,B,C,D,E,Réponse,Image,Thème
1,"Une professeure de classe de CM2 distribue 4 stylos à chaque garçon et 5 stylos à chaque fille. Sachant que la classe compte 30 enfants et qu'elle a distribué 133 stylos, combien y a-t-il de filles dans la classe ?",11,13,15,17,19,B,,
2,"Deux villes A et B sont distantes de 225 kilomètres. Deux voitures partent simultanément, la première de la ville A et la deuxième de la ville B. Elles se croisent à 150 kilomètres de la ville A. Quelle est la seule proposition qui est vraie ?",La deuxième voiture roule trois fois plus vite que la première,Les deux voitures ont roulé à la même vitesse,"La première voiture roule 1,5 fois plus vite que la deuxième",La première voiture roule deux fois plus vite que la deuxième,"La deuxième voiture roule 1,5 fois moins vite que la première",D,,
3,"Dans une population, 80% des habitants souffrent de diabète, 30 % sont en obésité et 20% souffrent des 2 maladies. Quelle part de la population est en bonne santé ?",5%,10%,15%,20%,25%,B,,
4,Combien de nombres à 3 chiffres existent sans compter ceux qui comportent un chiffre des dizaines impair ?,230,340,450,560,780,C,,
5,"Une fiole est remplie à 20 %. Si je rajoute 40 centilitres, elle est remplie aux 4/5. Combien de litres peut contenir la cuve en entier ?",80 cL,100 cL,120 cL,150 cL,200 cL,E,,
6,"Les organisateurs du tournoi de Roland Garros décident d'augmenter la superficie du court (rectangulaire) Philippe Chatrier. S'ils augmentent la longueur de 20% et la largeur de 10 %, quelle est la variation de surface du court ?","0,22","0,27","0,3","0,32","0,35",D,,
7,"Pour réaliser une tâche, Jean-Michel met 20 heures tandis que Jean-Bernard met 30 heures. Combien de temps mettraient-ils ensemble pour réaliser cette tâche ?",12 heures,15 heures,18 heures,25 heures,50 heures,A,,
8,"Suite aux différents mouvements sociaux, une sandwicherie parisienne voit son chiffre d'affaires baisser de 10 % la première année et d'un sixième la deuxième année. De quel pourcentage le chiffre d'affaires doit il réaugmenter pour retrouver sa valeur d'origine ?",1/10,1/6,1/5,1/4,1/3,E,,
9,"Un cercle est inscrit dans un carré de côté 4, quelle est l'aire de la partie noire ?",16π - 4,4π - 16,4π - 4,16 - 4π,4π - 1,D,,
10,"Arnaud a 31 ans et 4 enfants âgés de 1, 3, 4 et 8 ans. Dans combien de temps, l'âge d'Arnaud sera égal à la somme de l'âge de ses 4 enfants ?",2 ans,3 ans,4 ans,5 ans,6 ans,D,,
11,"Un produit coûte 79,8 € après une réduction de 30% due aux soldes d'été. Quel était le prix initial du produit ?","95,76€","103,74€",114€,"127,31€",135€,C,,
12,"En lançant 3 fois un de non pipé, quelle est la probabilité d'avoir exactement 2 chiffres impairs ?",1/8,2/8,3/8,4/8,5/8,C,,
13,Un barman prépare un cocktail en mélangeant 2 bouteilles. La première bouteille (d'1 Litre) contient 40% d'alcool tandis que la deuxième bouteille (de 2 Litres) contient 10 % d'alcool. Quelle est la concentration en alcool du mélange des 2 bouteilles ?,10 %,20 %,30 %,40 %,50 %,B,,
14,De combien de dalles carrées de 25 cm de côté a-t-on besoin pour recouvrir entièrement une pelouse carrée de 25 m2 ?,400,600,800,1200,1600,,,
15,"Pour subvenir aux besoins d’une excursion, un groupe de randonneur a prévu 15 jours de vivres. Sur leur route, ils croisent 6 randonneurs qui sont à court de vivres. Après leur avoir donné une quantité de vivre proportionnelle à leur nombre, il ne reste plus que 10 jours de vivres au groupe. De combien de personnes est composé le premier groupe de randonneurs ?",6,8,12,18,30,,,
16,2 produits valent ensemble 171 €. Un des deux vaut 10% de moins que l’autre. Quel est le prix du produit le moins cher ?,81,90,99,108,117,,,
17,Soit un triangle équilatéral ABC. [BI] et [CJ] sont les hauteurs respectives de [CA] et [AB]. O est le point d’intersections des hauteurs. Quel est le pourcentage de l’aire ABOI par rapport au triangle ABC ?,1/6,1/5,1/4,1/3,1/2,,,
20,"Les collègues de Patrick se cotisent pour son pot de départ. Combien de personnes participent à la cagnotte sachant que si chacun donne 17 euros il manque 9 euros pour payer le cadeau mais si chacun donne 18 euros, il y aura 4 euros de trop ?",11,12,13,14,15,C,,
21,"Dans la vitrine d’un boucher, 6 volailles ont un prix moyen de 30 €. À la fin de la journée, seulement une des volailles a été vendue, faisant tomber le prix moyen des volailles restantes à 28 €. Quel est le prix de la volaille vendue ?",30€,35€,40€,45€,50€,C,,
22,"On considère le rectangle et les trois cercles ci-dessous, disposés comme sur la figure. Le périmètre du rectangle est égal à 24 cm. Que vaut l’aire d’un cercle ?","1,5 π","1,75 π",2 π,"2,25 π","2,5 π",D,,
23,"Pendant les soldes, j’ai payé 630 euros un produit qui avait été soldé une première fois à -10% et une deuxième fois à -30%. Quel était le prix initial du produit ?","900,90€",981€,1 000 €,1 001€,1 100€,C,,
24,Combien de possibilités y a-t-il pour 5 personnes de s’asseoir dans une voiture de 5 places sachant que seulement 4 personnes ont le permis ?,48,96,120,240,360,B,,
25,Deux cyclistes partent en même temps de deux points opposés d’une piste circulaire de 800 mètres. Le cycliste le plus rapide rattrape l’autre coureur en 1/6 d’heure. Quel est leur écart de vitesses ?,1 km/h,"1,2 km/h","1,4 km/h","2,4 km/h","2,8 km/h",D,,
26,"Sachant qu’on dispose de 3 couleurs (blanc, noir et gris) combien de coloriages différents de la figure ci-dessous peut-on réaliser sans que 2 rectangles qui se touchent ne soient de la même couleur ? (Note: la figure n'était pas présente dans le texte extrait)",4,6,8,10,12,B,,
27,"Soit un rectangle de largeur a et de longueur b. Si on diminue a de 1 cm et b de 2 cm, l’aire du rectangle diminue de 24 cm². En revanche, si on augmente a de 1 cm et b de 3 cm, l’aire du rectangle augmente de 36 cm². Quelle est la surface de ce rectangle ?",56 cm²,70 cm²,72 cm²,84 cm²,91 cm²,D,,
28,"Soit un triangle ABC, rectangle en A. On construit extérieurement à ce triangle, les demi-cercles C1 d’aire S1 et de diamètre [BC], C2 d’aire S2 et de diamètre [CA] et C3 d’aire S3 et de diamètre [AB]. Quelle est l’expression de S1 en fonction de S2 et de S3 ?",2S₂ + S₃,S₂ + 2S₃,S₂ + S₃,S₂ – S₃,2 S₂,C,,
29,"30 dossiers de justice sont empilés les uns sur les autres sur le bureau et forment une colonne de 7,1 mètres de hauteur. On distingue deux sortes de dossiers : les dossiers verts de 30 centimètres d’épaisseur et les dossiers rouges de 20 centimètres d’épaisseur. Quel est le nombre de dossiers rouges ?",15,16,17,18,19,E,,
30,Un marchand de biens immobiliers achète pour 243 000 € une maison qu'il divise en appartements tous identiques. Il vend alors chaque appartement pour 18 000 €. Son bénéfice est exactement égal au prix d'achat de 6 appartements (au prorata de l’achat total). En combien d’appartements la maison a-t-elle été divisée ?,20,18,16,14,12,B,,
31,"Il y a 3 ans, le prix d’un billet de train était de 15 €. Puis, après deux augmentations, ce même billet vaut 45 € aujourd’hui. La deuxième augmentation est 2 fois supérieure à la première augmentation. Ainsi, quel est le pourcentage de la première augmentation ?",20 %,50 %,100 %,120 %,220 %,B,,
32,On considère les nombres de trois chiffres dont les chiffres sont tous différents. Quelle est la différence entre le plus grand et le plus petit ?,975,864,876,885,899,D,,
33,Émilie doit numéroter les 220 étiquettes des invités à son mariage. Combien de fois va-t-elle écrire le chiffre 2 ?,60,61,62,63,64,E,,
34,"Une somme est placée à taux d'intérêts fixe. Elle rapporte 110 € la première année et 112,2 € la deuxième année. Quelle est la valeur du capital initial ?",4 100 €,4 500 €,5 100 €,5 500 €,5 900 €,D,,
35,"J’ai dépensé 5 fois plus d’argent que ma sœur, soit 112 euros de plus. Combien ai-je dépensé ?",28 euros,56 euros,84 euros,112 euros,140 euros,E,,
36,"Pour réduire sa consommation d’eau, Sylvain a réduit d’un tiers la durée de ses douches. En baissant la pression de l’eau, il a aussi réduit d’un quart le débit de l’eau à la sortie du pommeau. De quel pourcentage Sylvain a-t-il ainsi réduit le volume d’eau utilisé pour se doucher ?",40 %,45 %,50 %,55 %,60%,C,,
37,"Antoine a écrit dans l’ordre quatre nombres entiers consécutifs à 2 chiffres en remplaçant les chiffres par des symboles. Si les trois premiers nombres sont : ©, ø, ø, quel est le nombre suivant ?",*ø,**,øø,©*,ø©,C,,
38,Un cercle et un carré sont disposés comme suit. Quelle est la valeur du rapport de la surface du carré sur celle du cercle ?,π / 4,π / 3,π / 2,4 / π,2 / π,D,,
39,"2 coureurs courent autour d’une piste circulaire de 600 mètres de circonférence. Ils démarrent en même temps et du même point. Sachant que l’un court à 9 km/h et l’autre court à 15 km/h, au bout de combien de temps le coureur le plus rapide rattrapera-t-il le coureur le plus lent pour la 2ème fois ?",6 minutes,12 minutes,18 minutes,24 minutes,30 minutes,B,,
40,"5 nombres valent 101 en moyenne. Ils suivent une progression arithmétique. Le 1er et 5ème sont des carrés, Quel est le deuxième nombre de la série ?",81,86,91,96,101,C,,
41,"Un rectangle gris est formé de trois carrés gris identiques juxtaposés et est inscrit dans un rectangle plus grand, comme indiqué sur la figure. Deux sommets du rectangle gris sont les milieux des largeurs du grand rectangle. Quelle est la proportion de l’aire de la zone grisée sur l’aire de la figure totale ?",3/7,1/2,4/9,5/9,2/3,B,,
42,"Dans un groupe de 9 fonctionnaires, de combien de façons différentes peut-on désigner un(e) président, un(e) vice-président et un(e) trésorier(e) ?",1000,729,512,504,24,D,,
43,"Lors du gala d’une école de commerce, les recettes se sont élevées à 19 180 €. Les étudiants payent 17 euros et les adultes payent 21 euros. Sachant qu’il y a eu 1 100 entrées, combien d’adultes ont assisté au gala ?",100,110,120,130,140,C,,
44,"Soit un rectangle inscrit dans un cercle de rayon 5 cm. Quelle est la surface du rectangle, sachant que sa longueur et sa largeur sont des nombres entiers ?",40 cm2,42 cm2,44 cm2,46 cm2,48 cm2,E,,
45,Antonin mange 40 sushis en 5h20. Combien peut-il en manger en 6h40 ?,47,50,52,57,70,B,,
46,Quelle est l’aire maximale pour un rectangle de 24 centimètres de périmètre dont les côtés sont des nombres entiers ?,11 cm2,20 cm2,28 cm2,35 cm2,42 cm2,D,,
47,Un cocktail est constitué de 100 litres de vin dont le degré d’alcool est de 10 % vol. et de 20 litres de rhum dont le degré d’alcool est de 50%. Quel est le degré d’alcool de ce cocktail ?,1/4,1/5,1/6,1/7,1/8,C,,
48,"Dans la figure ci-contre, les segments intérieurs au grand carré joignent un sommet au milieu d'un côté. Quelle est la part de l’aire grisée sur l’aire totale ?",1/4,1/5,1/6,1/7,1/8,B,,
49,"On dispose de 2 dés A et B. Le dé A donne un résultat supérieur ou égal à 4 avec une probabilité de 3/4 tandis que le dé B est équilibré. Si le résultat d’un lancer de dé supérieur ou égal à 4, quelle est la probabilité qu’il s’agisse du dé A ?",20 %,30 %,40 %,50 %,60 %,E,,
50,"Nathan et Sylvie quittent leurs maisons en scooter pour se rejoindre. Ils se croisent à 375 km de la maison de Nathan. Sachant que leurs deux maisons sont distantes de 1250 km, quelle est la vitesse de la voiture de Nathan en proportion de la vitesse de la voiture de Sylvie ?",3/10,3/7,4/9,6/13,7/15,B,,
51,Le carré ci-dessous est découpé en 4 carrés identiques. Quelle est la proportion de l'aire de la partie grisée sur l’aire totale de la figure ?,π / 4,π / 3,π / 2,4 / π,2 / π,A,,
52,"Pour atteindre sa maison située en haut d’une montagne, Antoine doit emprunter une route de plus en plus pentue, longue de 15 kilomètres et qui commence à 700 mètres d’altitude. Le premier tiers a une pente moyenne de 5%, le deuxième tiers a une pente moyenne de 10 % et les 5 derniers kilomètres montent à 15 % de moyenne. Quelle est l’altitude de la maison d’Antoine ?",2000 mètres,2100 mètres,2200 mètres,2300 mètres,2400 mètres,C,,
53,"Pour renouveler son matériel de classe, un directeur d’école achète 200 chaises. Le directeur de l’école voisine achète 20 chaises de plus donc le fournisseur lui offre une réduction de 2 € par chaise achetée. Sachant que les deux directeurs ont payé la même somme totale, quel est le prix d’une chaise sans réduction ?",18€,19€,20€,21€,22€,E,,
54,Un cycliste effectue deux tours d’un même vélodrome. Il roule le premier tour à 20 km/h. Sa vitesse moyenne sur les deux tours est de 24 km/h. Quelle a été sa vitesse moyenne sur le deuxième tour de circuit ?,28 km/h,30 km/h,32 km/h,34 km/h,36 km/h,B,,
55,"3 grands cercles et 4 petits cercles sont tangents et de centres alignés, comme dans la figure ci-dessous. Les 4 petits cercles ont pour rayon 1. Combien vaut l’aire grisée ?",π,2π,3π,4π,5π,B,,
56,"Sophie place 70 % de son capital à 3 % et les 30 % restants à 5 %. Au bout d’un an, elle a récolté 72 € d’intérêts. Quel est le montant de son capital initial ?",1 800€,1 900€,2 000€,2 100€,2 200€,C,,
57,3 frères constatent que la somme de leurs âges est égale à 66 ans. Quelle serait la somme de leurs âges la prochaine fois qu’elle serait à nouveau un nombre composé de plusieurs chiffres identiques ?,77 ans,88 ans,99 ans,111 ans,222 ans,C,,
58,"Dans une colonie de vacances de 75 enfants, 48 parlent français, 29 parlent espagnol et 19 parlent les deux langues (français et espagnol). Combien d’enfants ne parlent ni français ni espagnol ?",13,17,19,21,23,B,,
59,"Pour préparer la salle pour le week-end d’examen, Joachim seul met 3 heures alors qu’Arnaud ne met que 2 heures. Combien mettraient-ils ensemble pour préparer la salle ?",2h32,2h12,1h52,1h32,1h12,E,,
60,Sept frères ont pour âge moyen 18 ans et ont tous un écart identique de 2 ans. Quel est l’âge du frère le plus jeune ?,10 ans,11 ans,12 ans,13 ans,14 ans,C,,
61,Mattias achète deux encyclopédies au même prix. Il revend la première avec 15 % de perte et la deuxième avec 25 % de perte. La revente des deux encyclopédies lui a alors rapporté 64 €. Quel était le prix d’achat de chaque encyclopédie ?,30€,35€,40€,45€,50€,C,,
62,"Une piscine est de forme rectangulaire. Si l'on augmente de 8 mètres sa longueur et que l'on diminue de 4 mètres sa largeur, sa surface reste inchangée. De même, si l'on augmente sa longueur de 3 mètres et si l'on diminue sa largeur de 2 mètres, sa surface reste inchangée. Quelle est la surface de cette piscine?",105 m²,110 m²,115 m²,120 m²,125 m²,D,,
63,"Si X est égal au tiers de X – Y, quelle est la valeur de Y/X ?",-2,-1,0,1,2,A,,
64,2 pilotes de Formule 1 s’élancent. La Lotus part en premier à 240 km/h et la Ferrari part 5 minutes après à 300 km/h. Au bout de combien de temps la Ferrari aura-t-elle rattrapé la Lotus ?,10 minutes,12 minutes,15 minutes,18 minutes,20 minutes,D,,
65,"Matteo possède 3 fois plus de friandises que Thomas. Si Matteo donnait 7 de ses friandises à Thomas, alors Matteo ne posséderait alors que 2 fois plus de friandises que Thomas. Combien de friandises Matteo et Thomas possèdent-t-il en tout ?",44,52,64,84,100,D,,
66,Guillaume place 20 000 € à 6% et 30 000 € à 10%. Loïc place 6 000 € à 11% et 24 000 € à 6%. Quelle est la différence de rendement en pourcentage ?,20 %,40 %,60 %,80 %,90 %,A,,
67,"Alain va acheter du pain en voiture, il fait 20 kilomètres à 30km/h en moyenne. Puis, pour acheter le journal, il parcourt 5 kilomètres à 15 km/h. Quelle est la vitesse moyenne de son parcours ?",35 km/h,20 km/h,30 km/h,25 km/h,15 km/h,D,,
68,Sophie achète une tablette avec 20 % de réduction. Elle le paye alors 792 €. Quel était son prix avant la réduction?,"950,40€",975€,990€,"1 025,20€",1 050€,C,,
69,Des coupelles identiques sont empilées. Une pile de quatre coupelles mesure 17 centimètres de hauteur et une pile de deux coupelles mesure 11 centimètres de hauteur. Combien mesurerait une pile de 6 de ces coupelles ?,20 cm,21 cm,22 cm,23 cm,24 cm,D,,
70,"Les trois côtés d’un triangle mesurent respectivement 6, 8 et 10 cm. Combien mesure le côté d’un triangle équilatéral de même périmètre ?",6 cm,7 cm,8 cm,9 cm,10 cm,C,,
71,Un rectangle de largeur 5 centimètres et de longueur 11 centimètres contient 2 cercles tangents comme sur la figure ci-dessous (pas à l’échelle). Quelle distance sépare les centres des 2 cercles ?,4 cm,"4,5 cm",5 cm,"5,5 cm",6 cm,E,,
72,La somme de 5 carrés de nombres premiers consécutifs est égale à 373. Quel est le plus grand de ces carrés ?,25,49,121,169,289,D,,
73,"Sylvie se trouve devant une urne contenant des boules numérotées de 100 à 299. En choisissant une boule au hasard, quelle est la probabilité que le numéro de la boule choisie soit composé uniquement de chiffres impairs ?",1/2,1/4,1/6,1/8,1/9,D,,
74,"Dans le schéma ci-dessous, les 2 droites sont parallèles. Que vaut l’angle A ?",25°,35°,45°,55°,65°,D,,
75,Soit 2 nombres entiers tels que leur somme est égale à 26 et la différence de leurs carrés donne 208. Combien vaut la somme de leurs carrés ?,340,350,360,370,380,D,,
76,"Une entreprise a 2 clients A et B. Le client A pèse 60% de son chiffre d’affaires tandis que le client B représente les 40 % restants. Pour l’année prochaine, le client A va réduire ses commandes de 10 %. De combien le client B doit-il augmenter ses commandes pour que l’entreprise reste à l’équilibre ?",11 %,12 %,13 %,14 %,15 %,E,,
77,Soit 4 cercles identiques de diamètre 2. Que vaut le périmètre de la partie grisée ?,π,2π,3π,4π,5π,B,,
78,"Sur 200 000€, un investisseur décide de placer 100 000€ à 5%, 40 000€ à 2,5% et le reste sur un troisième actif. Quel est le taux de ce dernier actif sachant que la rentabilité moyenne attendue totale est de 4,5 % ?","2,5 %","3,5 %",4 %,5 %,"5,5 %",D,,
79,Soit X un entier positif non nul strictement inférieur à 10 et Y un entier. Combien vaut Y sachant que Y2–X2+2=X+X3 ?,1,4,8,16,Plusieurs des réponses proposées sont possibles.,E,,
80,De combien de façons différentes peut-on composer 3 équipes de 2 avec 6 personnes ?,6,10,12,15,20,D,,
81,"On lance une fois deux dés non pipés, quelle est la probabilité que la somme des 2 faces obtenues soit impaire et strictement supérieure à 9 ?",1/36,2/36,3/36,4/36,5/36,B,,
82,"Si Sabrina devait vivre jusqu’à ses 99 ans, alors le temps qu’il lui resterait à vivre représenterait sept quarts de son âge actuel. Quel est l’âge de Sabrina ?",36 ans,42 ans,46 ans,52 ans,56 ans,A,,
83,Une voiture roule pendant 250 000 km avec 5 roues (4 roues et la roue de secours). Chacune des roues a été utilisée autant. Combien de kilomètres chaque roue a-t-elle roulé ?,150 000 km,175 000 km,200 000 km,225 000 km,250 000 km,C,,
84,"Charlotte dispose d’un nombre. Elle constate que lorsqu’elle divise ce nombre par 3, 5 ou 11, il reste 2. Quel est ce nombre ?",661,497,573,347,1332,D,,
85,"Un vendeur de chemises a vendu son stock de chemises rouges et bleues pour 335 euros. Sachant qu’il a vendu 23 chemises en tout et qu’une chemise bleue coûte 1 € de plus qu’une chemise rouge, combien de chemises rouges ont été vendues ?",9,10,11,12,13,B,,
86,La somme de 4 nombres entiers consécutifs est égale à 486. Combien d’entre eux sont des nombres premiers ?,0,1,2,3,4,A,,
87,On augmente la largeur et la longueur d’un rectangle de 10 %. Quelle est l’évolution globale de la surface du rectangle ?,"0,1","0,2","0,21","0,25","0,3",C,,
88,Que représente la partie grisée en proportion de la figure totale ?,1/6,1/7,1/8,1/9,1/10,D,,
89,"Un immeuble possède un code d’entrée. Pierre a un papier avec 5 codes en tout : 2 qui fonctionnent et 3 qui sont défectueux. Pierre essaie le premier, mais il est défectueux. Quelle est la probabilité que Pierre essaye les 2 autres codes défectueux lors de ses 2 prochaines tentatives ?",1/2,1/3,1/4,1/5,1/6,E,,
90,Quel est le rayon des 3 demi-disques identiques représentés sur la figure ci-dessous ?,10 cm,12 cm,16 cm,20 cm,24 cm,A,,
91,"Une femme a 40 ans et ses 4 neveux ont 2, 6, 7 et 10 ans. Dans combien d’années la somme des âges des 4 neveux sera-t-elle égale à l’âge de cette dame ?",1 an,2 ans,3 ans,4 ans,5 ans,E,,
92,Quel est le résultat de l’opération suivante : (3^20 - 3^19)/(3^19 - 3^18),1,3,9,27,81,B,,
93,"Le triangle équilatéral BKN est de côté 10 centimètres. I,I’ et I’’ sont les milieux respectifs de BK, KN et BN. Quelle est l’aire de la partie grisée ?","12,5 × (2√3 – π)",25π – 2√3,100π × √3,100 × (√3 – π),100√3 – π/2,A,,
94,"On lance simultanément deux dés non pipés. Sachant que le 5 n’est pas sorti, quelle est la probabilité que la somme obtenue soit égale à 6 ?",3/36,5/36,4/25,5/25,3/25,E,,
95,"Les trois côtés d’un triangle mesurent respectivement 7 cm, 11 cm et 12 cm. Combien mesure le côté d’un triangle équilatéral de même périmètre ?",6 cm,7 cm,8 cm,9 cm,10 cm,E,,
96,"Une colonie de vacances de 150 enfants est répartie en 3 groupes d’âges : les grands, les moyens et les petits. Combien y a-t-il d’enfants dans le groupe des moyens sachant que le groupe des grands et celui des moyens regroupent 110 enfants et que le groupe des petits et celui des moyens regroupent 69 enfants ?",15,19,25,29,35,D,,
97,Une croix vue du ciel est constituée de cubes dont l’aire d’une des faces est égale à 16 cm². Quel est le volume de cette croix ?,200 cm³,271 cm³,324 cm³,384 cm³,411 cm³,D,,
98,"8 personnes, dont Arnaud et Joachim, s’installent aléatoirement sur une table ronde de 8 places. Quelle est la probabilité que Arnaud et Joachim soient assis l’un à côté de l’autre ?",2/7,2/8,1/7,3/8,6/7,E,,
99,Un code d’entrée est composé de 3 chiffres ainsi que d’un symbole (# ou *). Combien y a t-il de de codes possibles ?,1 000,2 000,4 000,8 000,16 000,D,,
100,"Pour partir en week-end dans sa maison de campagne, Monsieur Pouchard roule en moyenne à 90 km/h à l’aller et à 110 km/h au retour. Quelle est sa vitesse moyenne sur l’aller-retour ?",98 km/h,99 km/h,100 km/h,101 km/h,102 km/h,B,,
101,Alain souhaite vendre sa machine à laver sur un site de revente entre particuliers. À quel prix doit-il afficher son produit pour qu’il se vende 560 € après une réduction de 20 % ?,672€,685€,693€,700€,707€,D,,
102,"Une somme placée à taux d’intérêt fixe rapporte 270 euros la première année et 283,5 euros la deuxième année. Quelle somme a été initialement placée ?",5 000 €,5 100 €,5 200 €,5 300 €,5 400 €,E,,
103,Combien de litres un robinet de débit 24 m³/jour évacue-t-il en 15 minutes ?,150 L,200 L,250 L,300 L,350 L,C,,
104,"Sophie appelle son mari et lui dit : « J’ai un certain âge. Si on m’ajoutait un certain nombre d’années, alors j’aurais 60 ans. En revanche, si on me retirait ce même nombre d’années, j’aurais 44 ans ». Quel est l’âge de Sophie ?",46 ans,48 ans,50 ans,52 ans,54 ans,D,,
105,"Deux routes droites se coupent à angle droit. Un cycliste roulant à 18 km/h parcourt 9 km sur l’une jusqu’au croisement, puis 12 km sur l’autre. Combien de temps lui ferait gagner un chemin qui irait en ligne droite du point de départ au point d’arrivée ?",15 minutes,18 minutes,20 minutes,22 minutes,25 minutes,C,,
106,"Au cinéma, une rangée de 23 sièges est occupée un siège sur deux par une personne qui porte une casquette et un siège sur deux par une personne qui porte un bonnet. Chaque personne avec une casquette a au moins une personne portant un bonnet assise à côté d’elle. Combien, au maximum, peut-il y avoir de personnes portant une casquette dans cette rangée ?",7,8,10,11,12,E,,
107,"Deux trains roulent l’un vers l’autre. Le premier roule à 70 km/h et l’autre (qui fait le chemin inverse) roule à 50 km/h. Sachant qu’ils partent à la même heure de deux villes distances de 168 kilomètres, à quelle distance de la ville de départ du premier train vont-ils se croiser ?",98 km,100 km,102 km,104 km,106 km,A,,
108,Le prix de la moutarde a diminué de 30 % au deuxième semestre de l’année après une augmentation de 20 % au premier semestre. Quelle est la variation du prix de la moutarde depuis le début ?,-16 %,-18 %,-20 %,-22 %,-24 %,A,,
109,Un joueur professionnel de padel a gagné exactement 49 % des 2 000 parties qu’il a jouées. Quel est le minimum de parties qu’il doit jouer en plus pour pouvoir atteindre un taux de 50 % de parties gagnées ?,20,30,40,50,60,C,,
110,Nathan fait un trajet de 400 kilomètres à 120 km/h. Théo part pour le même trajet quand Nathan a déjà fait 40 kilomètres. À quelle vitesse doit rouler Théo pour rattraper Nathan au 200ème km ?,120 km/h,130 km/h,135 km/h,150 km/h,160 km/h,D,,
111,Quelle part du rectangle la zone grisée représente-t-elle ? (Voir Image 1 dans le document),10 %,15 %,20 %,25 %,30 %,D,,
112,"Il y a 14 ans, l’âge de Paul était 4 fois celui de Jacques. Quel est l’âge de Paul, sachant qu’aujourd’hui Jacques a 16 ans ?",15 ans,17 ans,22 ans,31 ans,50 ans,C,,
113,Jeanne a dessiné un soleil. Les côtés de l’étoile et le rayon du cercle sont de même longueur L. Quelle est l’aire de la partie colorée ? (Image non fournie),L² × (3√3 − π),L² × √3,3√3 × L²,L³,3 × L² × π,A,,
114,"Sammy place une somme d’argent sur un produit financier dont le rendement est de 5 % brut annuel. Au bout d’un an, il récupère son argent, soit 31 200 €, nets des prélèvements sociaux qui s’élèvent à 20 % des intérêts. Quel est le montant de la somme placée par Sammy ?",29 500 €,29 800 €,30 000 €,30 200 €,30 500 €,C,,
115,À quelle puissance faut-il élever 9³ pour obtenir 27¹⁰ ?,2,3,4,5,6,D,,
116,Anatole achète une action 1/4 de plus que sa valeur réelle. Combien de pourcentage l’action doit-elle perdre pour retrouver sa valeur de départ ?,15 %,20 %,25 %,30 %,35 %,B,,
117,"Dans une colonie de vacances, un tiers des enfants ne sait pas nager et un quart ne sait pas faire de volley-ball. Par ailleurs, 120 d’entre eux savent nager et faire du volley-ball et un douzième ne sait ni nager ni faire du volley-ball. Combien d’enfants dans ce groupe savent nager ?",80,120,160,200,240,C,,
118,"Zoé achète plusieurs sacs contenant chacun 14 gâteaux, 20 bonbons et 10 sucettes. À la fin, elle dispose de 102 bonbons de plus que de gâteaux. Combien a-t-elle de sucettes ?",140,150,160,170,180,D,,
119,Que vaut 4² × 64² × 16³ / 4⁸ ?,8²⁰,4⁶,16⁹,16²⁶,64⁸,B,,
120,Complétez la suite logique suivante : 12 – 13 – 21 – 48 – ?,47,61,89,112,124,D,,
121,"On considère le rectangle et les trois cercles ci-dessous, disposés comme sur la figure. Le périmètre du rectangle est égal à 32 cm. Que vaut l’aire du cercle gris ? (Figure non fournie)",2π cm²,3π cm²,4π cm²,6π cm²,Il manque des informations,C,,
122,"Dans une classe, 1/3 des sièges sont occupés. Si 12 élèves s’installent, on atteint 3/5 de la capacité de la classe. Combien la classe contient-elle de places en tout ?",30,39,45,50,55,C,,
123,Le grand carré de côté 4 centimètres est découpé en petits carrés identiques comme sur la figure. Combien mesure le segment qui relie les 2 cercles ? (Figure non fournie),3√2​−1 cm,3√2​−2 cm,4√2​−1 cm,4√2​−2 cm,5√2​−1 cm,A,,
124,Le prix d’un produit augmente de 20 % mais le chiffre d’affaires recule de 4%. De combien le nombre de produits vendus a-t-il diminué ?,10 %,15 %,20 %,25 %,30 %,C,,
125,"Thomas a 14/20 de moyenne générale en français, mathématiques, anglais, physique et biologie. Sachant que les coefficients sont identiques pour chaque matière et qu’il a 12/20 de moyenne en français, mathématiques et anglais et 16/20 de moyenne en anglais, physique et biologie, quelle est sa note en anglais ?",12,13,14,16,15,C,,
126,"Deux usines U1 et U2 produisent respectivement 375 et 625 machines à coudre. Le taux de produits défectueux est de 4 % pour l’usine U1 et 8 % pour l’usine U2. Si l’on sélectionne au hasard une machine à coudre et qu’elle est en mauvais état, quelle est la probabilité que celle-ci provienne de l’usine U2 ?",7/9,8/11,9/12,10/13,11/14,D,,
127,"Un triangle possède des côtés dont les longueurs sont des entiers naturels tous différents. Sachant que les longueurs des deux plus petits côtés ont 1 centimètre de différence et que la somme des 3 longueurs est égale à 13 centimètres, quelle est la longueur du plus petit côté ?",1 cm,2 cm,3 cm,4 cm,5 cm,C,,
128,Lors d’un voyage entre 4 amis : Patrick a pris en charge les billets d’avion pour tous : 600 euros; Rémy a payé les repas pour tous sauf pour Quentin : 450 euros; Stéphane a payé le logement pour tous : 600 euros; Quentin a payé la sortie en bateau pour tous sauf Stéphane : 300 euros. Combien Quentin doit-il rembourser à ses amis ?,50 euros,75 euros,100 euros,125 euros,150 euros,C,,
129,Combien vaut 3¹⁰ + 3¹⁰ + 3¹⁰ ?,3¹⁰,3¹¹,3¹²,3¹³,3³⁰,B,,
130,"Un robinet remplit une baignoire en 15 minutes. Un autre robinet d’un débit plus élevé la remplit en 10 minutes, combien faudra-t-il de temps aux deux robinets ouverts simultanément pour remplir la baignoire ?",7 minutes,8 minutes,5 minutes,6 minutes,11 minutes,D,,
131,"Si l’aire totale du triangle rectangle isocèle est de 90 cm2, quelle est l’aire de la partie grisée ?",30 cm2,40 cm2,45 cm2,50 cm2,60 cm2,B,,
132,"Au centre commercial, Émilie constate que le rapport entre le prix d’un paquet de café et celui d’un paquet de thé est de 8/5. Elle constate également que le paquet de thé coûte 1,5 € de moins que le paquet de café. Quel est le prix du paquet de café ?",3€,"3,50€",4€,"4,50€",5€,C,,
133,"Quelle est la surface de la zone noire dessinée dans ce carré ? (Image avec dimensions 15cm, 15cm, 13cm, 13cm)",36 cm2,46 cm2,56 cm2,66 cm2,76 cm2,C,,
134,"Dans une entreprise, la directrice du personnel constate que si on installe 8 employés par open space, 2 open spaces resteront vides. En revanche, si on installe 7 employés par open space, 5 employés n’auront pas de place. Combien de salariés cette entreprise compte-t-elle ?",147,152,157,162,167,B,,
135,"Agnès participe à un tournoi d’échecs de 8 joueurs. Sûre de sa force, elle sait qu’elle va battre tous les autres sauf Tim qui est imbattable. Sachant qu’on tire au sort les paires qui se rencontrent au premier tour, qu’on tire de nouveau au sort, parmi les vainqueurs du premier tour, les paires qui se rencontrent au second tour et que les vainqueurs du second tour jouent la finale, quelle est la probabilité qu’Agnès arrive en finale ?",2/3,3/5,5/9,4/7,6/11,D,,
136,Nathalie colorie le drapeau à trois bandes ci-dessous. Elle veut que chaque bande soit d’une seule couleur et que deux bandes adjacentes ne soient pas de couleurs identiques. De combien de manières peut-elle le faire si elle dispose de quatre couleurs ?,24,28,30,36,48,D,,
137,"Dans une classe, 80% des élèves apprennent le portugais et 40% apprennent le chinois. Combien d’élèves au maximum apprennent les deux langues (le portugais et le chinois) ?",20 %,30 %,40 %,50 %,60 %,C,,
138,La somme de 3 cubes consécutifs est égale à 216. Quelle est la valeur du plus petit cube ?,1,8,27,64,216,C,,
139,Quel est le tiers du double du triple du quintuple de la moitié de 1500 ?,4 500,6 000,7 500,9000,10 500,C,,
140,Une somme de 500 € est placée à 10 % d’intérêts pendant 2 ans d’affilée. De quelle somme dispose-t-on finalement ?,585€,595€,605€,615€,635€,C,,
141,Un couple a 3 enfants. Quelle est la probabilité qu’il ait une fille en premier et une fille en troisième ?,1/8,2/8,3/8,4/8,5/8,A,,
142,"Quel est le PPCM (Le plus petit commun multiple) de 9, 15 et 8 ?",220,260,340,360,400,D,,
143,Combien vaut 4⁸+4⁸+4⁸+4⁸ ?,4⁹,4¹⁰,4¹¹,4¹²,4³²,A,,
144,"Sachant que la longueur du rectangle est de 6 centimètres et que sa largeur est de 3 centimètres, quelle est la valeur de la surface grisée représentée par 2 triangles rectangles tangents ?","3,5 cm²",4 cm²,"4,5 cm²",5 cm²,"5,5 cm²",C,,
145,"De combien de façons un groupe de 10 étudiants peut-il désigner un Bureau comprenant un(e) Délégué(e) principal(e), un(e) Délégué(e) secondaire et un(e) Délégué(e) remplaçant(e) ?",1000,810,729,720,30,D,,
146,"Que vaut la somme des 2 diagonales d’un carré de côté de X, en fonction de X ?",X × 2¹⁄₂,X × 2²⁄₂,X × 2³⁄₂,X × 2⁴⁄₂,X × 2⁵⁄₂,C,,
147,"Dans une entreprise d’accessoires sportifs, la production de l’année N a été de 30 % inférieure à celle de l’année N-1. En revanche, la production de l’année N+1 a été de 20 % supérieure à celle de l’année N. Quel pourcentage de la production de N+1 a été réalisé en N-1 ?",74 %,79 %,84 %,89 %,94 %,C,,
148,"Dans une population donnée, un pourcentage fixe et entier des personnes meurt chaque année tandis qu’un nombre fixe et entier de personnes naissent chaque année. Il y avait 90 000 personnes en 2021, 86 000 personnes en 2022 et 82 400 en 2023. Quel est le nombre de naissances chaque année ?",3 500,3 900,4 500,4 900,5 000,E,,
149,Un rectangle est inscrit dans un cercle de rayon 5 cm. Que vaut la surface de ce rectangle ?,12 cm2,18 cm2,24 cm2,48 cm2,Plusieurs réponses possibles,E,,
150,"Soit un test comportant X questions, Sébastien répond juste à la moitié des 50 premières questions. Puis il répond correctement à un quart des questions restantes. Ce test ne comporte pas de points négatifs. Si son score final est égal à 30 % de la note maximale, combien de questions ce test comporte-t-il ?",150 questions,175 questions,200 questions,225 questions,250 questions,E,,
151,"Soit, dans la figure ci-dessous, un segment de 12 cm de longueur. Les points A et B divisent le segment en 3 segments de longueur égale. Les points C, D et E divisent le segment en 4 segments de longueur égale. Quelle est la longueur du segment AD (en cm) ?",1 cm,2 cm,3 cm,4 cm,5 cm,B,,
152,"Paolo dispose d’un dé truqué qui est tel que la probabilité pour que le dé fasse ""3"" est égale à 0,5. Les autres faces sont équiprobables. Pour gagner, Paolo doit faire deux ""1"" successifs. Quelle est la probabilité que Paolo gagne ?",1 %,2 %,3 %,4 %,5 %,A,,
153,Constance dessine un triangle rectangle à l’aide d’une équerre et elle constate que : - Le périmètre d’un triangle rectangle est égal à 24 cm - La somme des carrés des trois côtés du triangle est égale à 200. Quelle est la valeur de la surface de ce triangle rectangle ?,20 cm²,24 cm²,28 cm²,32 cm²,48 cm²,B,,
154,"Dans une entreprise, la somme des salaires annuels du directeur général et de la directrice financière dépasse de 110 000 euros le salaire annuel de la directrice administrative, alors que la somme du salaire de la directrice administrative et de la directrice financière dépasse de 50 000 euros celui du directeur général. Quel est le salaire annuel de la directrice financière ?",65 000 euros,70 000 euros,75 000 euros,80 000 euros,85 000 euros,D,,
155,"Un amphithéâtre est composé de 90 personnes : des blonds, des bruns et des roux. Les bruns sont 2 fois plus nombreux que les roux. Si tous les roux se teignaient les cheveux en brun, les bruns seraient alors 2 fois plus nombreux que les blonds. Combien de personnes ont les cheveux roux ?",15,20,25,30,35,B,,
156,Soit A et B deux entiers tels que : A × B = 84 et A – B = 5. Quelle est la valeur de A + B ?,17,18,19,20,21,C,,
157,"Deux trains T1 et T2 circulent en direction opposée. Le train T1 fait le trajet du point A vers le point B à la vitesse de 100 km/h tandis que le train T2 fait le trajet du point B vers le point A à la vitesse de 150 km/h. Les points A et B sont séparés de 1100 kilomètres. Sachant que le train T1 part 1 heure avant le train T2, à quelle distance de A les deux trains vont-ils se croiser ?",350 km,400 km,450 km,500 km,550 km,D,,
158,Matteo part en voyage. Il dépense 1/5 de ses économies pour l’avion et les 3/4 du reste pour le logement. Quelle part de ses économies lui reste-t-il une fois les dépenses liées à l’avion et au logement réalisées ?,15 %,20 %,25 %,30 %,35 %,B,,
159,Quelle est la surface du demi-cercle gris tangent au triangle rectangle comme indiqué dans la figure ci-dessous (échelle non respectée) ?,3/4 π,5/4 π,7/4 π,9/4 π,11/4 π,D,,
160,"Un certain nombre d’étudiants se cotisent pour faire un cadeau à leur professeur qui part à la retraite. Chaque étudiant doit payer 250€ mais si 3 ne cotisent pas, chacun devra payer 15€ de plus. Combien d’étudiants y a t-il ?",49,50,53,55,57,C,,
161,"Un couple a 3 enfants. La probabilité d’avoir une fille ou un garçon est la même à savoir 0,5. Quelle est la probabilité d’avoir au moins 2 filles ?",1/2,1/3,1/4,5/8,6/16,A,,
162,Un maître d’école dispose sur une table 108 bonbons et 135 chocolats. Combien de sachets de sucreries peut-il concocter au maximum ?,9,12,15,18,27,E,,
163,Si je roule à 20 km/h j’arrive à 17h00. Mais si je roule 15 km/h j’arrive à 19h00. A combien dois-je rouler pour arriver à 15h00 ?,"22,5 km/h",25 km/h,30 km/h,35 km/h,40 km/h,C,,
164,"Sachant que AB et CD sont parallèles, quelle est la valeur de α ?",95°,100°,105°,110°,115°,C,,
165,Soient 2 carrés représentés comme ci-dessous. Le périmètre du grand carré est le double de celui du petit carré. Que vaut l’aire grise en proportion de l’aire blanche ?,1/2,1/3,1/4,1/5,1/8,B,,
166,"Le semestre précédent, Pierre-Alexandre a réalisé 10 % du chiffre d’affaires de son entreprise. Ce semestre, Pierre-Alexandre a réalisé 40 % du chiffre d’affaires de son entreprise. Sachant que ce semestre, le chiffre d’affaires de l’entreprise est 50 % supérieur au semestre précédent, quelle part des ventes est réalisée par Pierre-Alexandre sur l’année ?",26 %,28 %,30 %,32 %,34 %,B,,
167,"Dans un magasin, le produit A augmente de 10 % deux années de suite tandis que le produit B, de même prix initial, diminue de 10 % deux années de suite. Sachant que leur écart est désormais de 40 euros, quelle est la valeur initiale des produits ?",80 euros,85 euros,90 euros,95 euros,100 euros,E,,
168,"Un cinéma propose deux abonnements : Abonnement A : 47 euros de frais fixes puis 1,2 euro par film. Abonnement B : 25 euros de frais fixes plus 1,7 euro par film. À partir de combien de films l'abonnement A devient-il plus rentable que l'abonnement B ?",27 films,32 films,36 films,40 films,44 films,E,,
169,"Combien de nombres différents à 3 chiffres, qui ne sont pas multiples de 5, peut-on former ?",999,900,810,720,630,D,,
170,Soit ABC un triangle. Soit I est le milieu de BC. Quel est le rapport de l’aire de la partie noire par rapport au triangle ABC ?,1/2,1/3,4/7,5/9,6/10,A,,
171,Soit 2 nombres à 3 chiffres dont la somme des chiffres est égale à 5. Quel est l’écart maximal entre ces nombres ?,495,441,396,360,90,C,,
172,Combien de nombres de 3 chiffres peut-on former uniquement en utilisant des chiffres qui sont des nombres premiers inférieurs à 9 ?,16,27,64,81,125,C,,
173,Combien de matchs l’organisateur d’un championnat regroupant 20 équipes qui s‘affrontent chacune 2 fois doit-il prévoir d’organiser ?,190,270,380,570,760,C,,
174,"On considère une population de 4000 sportifs de haut niveau, amateurs ou professionnels. Parmi eux, 60 % sont des femmes, dont la moitié sont des professionnelles. On apprend par ailleurs que 40 % des hommes sont des professionnels. En sélectionnant une personne de ce groupe au hasard, quelle est la probabilité de tomber sur un(e) sportif professionnel(le) ?",40 %,42 %,44 %,46 %,48 %,D,,
175,On lance 3 fois un dé non truqué. Quelle est la probabilité d’obtenir au moins 1 chiffre pair ?,3/8,4/8,5/8,6/8,7/8,E,,
176,"Il y a 10 ans, Pierre avait le double de l’âge de Jacques. Dans 5 ans, l’âge de Pierre ne sera plus que moitié supérieur à l’âge de Jacques. Quelle est la différence actuelle entre les âges de Pierre et de Jacques ?",5 ans,10 ans,15 ans,20 ans,25 ans,C,,
177,"Un produit subit une augmentation d’un certain pourcentage. Si l’augmentation avait été supérieure de 2 %, le produit aurait augmenté de 15 € de plus. Quelle est la valeur initiale de ce produit ?",500€,550€,600€,650€,750€,E,,
178,"Soit un cercle de centre O. A, B, C et D appartiennent au cercle. Quelle est la valeur de l’angle BOC ? (Voir image associée dans le document)",α+β,α+2β,2α+2β,2α–β,Il manque des informations.,D,,
179,"La somme des âges de Alban, Bastien et Chris est égale à 101 ans. Alban a 10 ans de plus que Bernard et Bernard a 14 ans de plus que Chris. Quel est l'âge d’Alban ?",35 ans,38 ans,40 ans,42 ans,45 ans,E,,
180,"Soit un test comportant X questions, Sébastien répond juste à la moitié des 50 premières questions. Puis il répond correctement à un quart des questions restantes. Ce test ne comporte pas de points négatifs. Si son score final est égal à 30 % de la note maximale, combien de questions ce test comporte-t-il ?",150 questions,175 questions,200 questions,225 questions,250 questions,E,,
181,"Arnaud dispose d'un capital de 80 000 €. Il investit une partie de ce capital sur un compte rémunéré à 1,5 % annuels et le reste sur une assurance-vie rémunérée à 4 % annuels. Les intérêts acquis au bout d'un an s'élèvent à 2 400 €. Quelle proportion du capital a été placée sur l'assurance-vie ?",45 %,50 %,55 %,60 %,65 %,D,,
182,Combien de nombres à 4 chiffres dont la somme est égale à 3 existe-t-il ?,Moins de 5,Entre 5 et 8,Entre 8 et 12,Entre 12 et 15,Plus de 15,C,,
183,Un vendeur de café augmente le prix de son unique produit de 20 % mais son chiffre d’affaires n’augmente que de 8 %. De combien de % son nombre de cafés vendus a-t-il diminué ?,5 %,10 %,15 %,20 %,25 %,B,,
184,Une voiture roule pendant 100 000 km avec 5 roues (4 roues et la roue de secours). Chacune des roues a été utilisée autant. Combien de kilomètres chaque roue a-t-elle roulé ?,20 000 km,40 000 km,80 000 km,90 000 km,10 000 km,C,,
185,Un produit augmente de 10 % trois années de suite. De combien de % le produit a-t-il augmenté au total ?,30 %,"31,3 %","32,1 %","33,1 %","34,3 %",D,,
186,Une école de commerce décide d’accorder une baisse de 10 % sur ses frais de scolarité à 20% de ses élèves. De combien cette mesure diminue-t-elle son chiffre d’affaires ?,"0,2 %",1 %,"1,5 %",2 %,10 %,D,,
187,Combien vaut X sachant que : 4X+4X=8X ?,"0,5",1,"1,5",2,3,B,,
188,La « carte » ci-dessous montre une région où 16 villes sont reliées par des routes. Des centrales vont être construites dans certaines villes. Une centrale fournira la ville où elle est implantée et les villes voisines (c’est-à-dire directement reliées par un seul tronçon de route). Quel est le nombre minimum de centrales à construire pour desservir toutes les villes ?,3,4,5,6,7,B,,
189,"Rosie va en vélo du point A au D. Entre le point A et le point B, elle parcourt 6 kilomètres à 10 km/h ; entre le point B et le point C, elle parcourt 10 kilomètres à 10 km/h et enfin, entre le point C et le point D, elle parcourt 2 kilomètres à 5 km/h. Quelle est sa vitesse moyenne ?",7 km/h,"7,5 km/h",8 km/h,"8,5 km/h",9 km/h,E,,
190,Nouvelles,,,,,,,,
191,"Soit 2 nombres A et B à 3 chiffres dont la somme des chiffres est égale à 5. Sachant que les 3 chiffres qui composent A sont différents entre eux et que les 3 chiffres qui composent B sont différents entre eux, quel est l’écart maximal entre A et B?",495,441,396,306,90,D,,
192,X et Y sont deux entiers positifs tels que X – Y = 5 et X * Y = 84. Quelle est la valeur de X + Y ?,17,18,19,20,21,C,,
193,"Soit un rectangle BCDE, sa diagonale, et trois segments sécants des milieux de ses côtés. Quelle est l’expression de l’aire de A en proportion de l’aire du rectangle BCDE ?",1/3,1/4,4/7,3/8,Il manque des informations,B,,
194,Quelle est la valeur de (99! - 98!) / (99! + 98!) ?,97 %,"97,5 %",98 %,"98,5 %",99 %,C,,
195,"Dans une forêt, on coupe chaque année un pourcentage fixe et entier des arbres, et on plante un nombre fixe d’arbres. Il y avait 150 000 arbres l’année N, 155 000 l’année N+1 et 159 500 l’année N+2. Quel est le nombre d’arbres plantés chaque année ?",4 000,5 000,10 000,15 000,20 000,E,,
196,"3 robinets remplissent une piscine en respectivement 3 heures, 3 heures 20 minutes et 5 heures, tandis qu’une vanne vide la piscine en 6 heures. Combien de temps faudrait-il pour remplir la piscine si on ouvrait les 3 robinets et la vanne ?",1h20,1h30,1h40,1h50,2h00,B,,
197,"Dans une entreprise, 3 services (Achats, Business et Clients) comptent 120 employés au total. Les services Achats et Business comptent 77 employés alors que les services Business et Clients comptent 94 employés. Combien y a-t-il d’employés dans le service Business ?",49,50,51,52,53,C,,
198,"Dans une cour d’école, il y a 2 fois plus de filles que de garçons et Pierre, qui joue dans la cour, constate que parmi les camarades qu’il observe autour de lui, il y a 11 filles de plus que de garçons. Combien y-a-t-il de filles dans ce groupe ?",12,24,36,48,60,B,,
199,2 sœurs disposent de 3 robes et 2 paires de souliers. Combien de tenues (robes + paire de souliers) différentes peuvent-elles peuvent porter simultanément ?,6,9,12,15,18,C,,
200,"Dans le rectangle ci-dessous, de largeur 5 cm et de longueur 10 cm, quelle est l’aire de la partie grisée ? (Image non incluse)","2,5 cm2",5 cm2,"7,5 cm2",10 cm2,"12,5 cm2",A,,
201,"Au cours du semestre, j’ai obtenu 5 notes pour une moyenne de 11/20. Si on enlève ma pire note, ma moyenne passe 12/20. Si on enlève ma meilleure note, ma moyenne tombe à 10/20. Quel est l’écart entre ma meilleure note et ma pire note ?",5,6,7,8,9,D,,
202,"Pour aller à la pharmacie, je roule à 40 km/h en moyenne. Pour en revenir, je roule à 60 km/h en moyenne. Quelle est ma vitesse moyenne sur le trajet aller-retour ?",52 km/h,50 km/h,48 km/h,46 km/h,44 km/h,C,,
203,"Dans la figure ci-dessous, les 2 cercles blancs sont identiques et tangent au grand cercle. Que vaut l’aire grise en proportion de l’aire totale ? (Image non incluse)",2/5,1/2,3/5,4/7,4/9,B,,
204,Que vaut la somme de A et B sachant que la somme du triple de A et du double de B vaut 80 et que la somme du double de A et de B vaut 49 ?,13,18,20,31,38,D,,
205,"Un club de foot souhaite créer un fanion pour son équipe comme le montre la figure ci-dessous. Sachant que le modèle de fanion comporte 4 parties distinctes et qu’ils vont utiliser 3 couleurs différentes, et que deux couleurs identiques ne peuvent pas se toucher, combien de combinaisons de fanion sont possibles ? (Image non incluse)",6,12,18,24,36,B,,
206,"Salomé et Solène ont passé 2 épreuves et ont obtenu la même moyenne. A la première épreuve (coefficient 5), Salomé a eu 12/20 et Solène a eu 8/20. Quel est le coefficient de la deuxième épreuve sachant que Solène a eu 13/20 à la deuxième épreuve ?",3,4,5,6,Il manque des informations,E,,
207,De combien de dalles carrées de 25 cm de côté a-t-on besoin pour recouvrir entièrement une pelouse carrée de 25 m2 ?,400,600,800,1200,1600,A,,
208,"Pour subvenir aux besoins d’une excursion, un groupe de randonneur a prévu 15 jours de vivres. Sur leur route, ils croisent 6 randonneurs qui sont à court de vivres. Après leur avoir donné une quantité de vivre proportionnelle à leur nombre, il ne reste plus que 10 jours de vivres au groupe. De combien de personnes est composé le premier groupe de randonneurs ?",6,8,12,18,30,C,,
209,2 produits valent ensemble 171 €. Un des deux vaut 10% de moins que l’autre. Quel est le prix du produit le moins cher ?,81,90,99,108,117,A,,
210,Soit un triangle équilatéral ABC. [BI] et [CJ] sont les hauteurs respectives de [CA] et [AB]. O est le point d’intersections des hauteurs. Quel est le pourcentage de l’aire ABOI par rapport au triangle ABC ?,1/6,1/5,1/4,1/3,1/2,E,,
211,Que vaut la différence entre le plus petit nombre multiple de 13 à 3 chiffres et le plus petit nombre premier à 3 chiffres ?,29,3,7,9,11,B,,
212,On construit un rectangle qui relie les milieux des côtés d'un losange comme le montre la figure ci-dessous. Que représente l'aire grise en proportion de l'aire blanche ?,La même aire,Le tiers,Le quart,La moitié,Le cinquième,A,,
213,"Chez un disquaire, un vinyle coûte 20 euros et un disque coûte 10 euros. Sachant que les vinyles sont actuellement soldés à -10% et les disques à -40%. De quelle remise Noémie a-t-elle bénéficié en achetant un disque et un vinyle ?",25 %,20 %,15 %,10 %,5 %,B,,
214,"Un match de squash se remporte en 2 sets gagnants. Sachant que John a 60% de chances de remporter un set et que Steve a 40 % de chances d'en remporter un, quelle est la probabilité que Steve gagne le match ?","25,8 %","35,2 %","36,4 %","37,9 %","38,9 %",B,,
215,"Des acheteurs de voitures ont le choix entre 5 modèles, chacun étant disponible en 3 coloris. En sus, l'acheteur peut décider d'ajouter les options : GPS, sièges chauffants et rétroviseurs électriques. Combien de possibilités existe-t-il pour choisir cette voiture ?",24,60,120,180,240,C,,
216,"Dans la figure ci-dessous représentant un carré de côté 12 cm et 4 quarts de cercle identiques, quelle est l'aire de la partie grisée ?",144 - 18π,144 - 27π,144 - 36π,144 - 45π,144 - 54π,C,,
217,On dispose de 153 roses et de 117 tulipes. Combien de bouquets peut-on concter au maximum pour que chaque bouquet ait le même nombre de tulipes et que chaque bouquet ait le même nombre de roses ?,7,8,9,10,Aucune de ces réponses.,C,,
218,Je donne une certaine somme à mon boucher. Il me propose soit de me donner en contrepartie 5 steaks hachés et 15 euros soit de me donner 3 steaks hachés et 29 euros. Quel est le prix d'un steak haché ?,6 euros,7 euros,9 euros,10 euros,11 euros,B,,
219,Compléter cette suite : 1 - 1 - 2 - 3 - 5 - 8 - 13 - 21 - 34 - ???,39 euros,44 euros,49 euros,55 euros,60 euros,D,,
220,Quel est le rapport entre la surface d'un cercle circonscrit et celle d'un cercle inscrit à un même carré ?,1,"1,5",2,"2,5",3,C,,
221,Combien existe-t-il de nombres à 3 chiffres composés de 3 chiffres différents ?,1000,999,720,648,512,D,,
222,Une société place un quart de sa trésorerie à 6% et le reste à 5%. Quel est son taux moyen de placement ?,"5,15 %","5,25 %","5,35 %","5,45 %","5,55 %",B,,
223,Sur la figure sont représentés deux hexagones réguliers. Le plus petit hexagone a un côté égal au cinquième du côté du grand hexagone. Quel est le rapport de la surface grise et la surface totale ?,1/5,1/10,1/15,1/20,1/25,E,,
224,"Deux personnes P₁ et P₂ partent de la même ville dans la même direction à des vitesses différentes. P₁ part à 8h00 avec une vitesse de 100 km/h et B part à 9h15 à une vitesse de 125 km/h, à quelle heure B va-t-elle rattraper A.",10h15,11h15,12h15,13h15,14h15,E,,
225,"Dans une nacelle on peut mettre soit 16 adultes, soit 20 enfants. Combien peut-on mettre au maximum d'enfants avec 12 adultes ?",3,4,5,8,10,C,,
226,"Lors d'un concert, 6 personnes (3 garçons et 3 filles) s'assoient sur une rangée de 6 sièges. Combien de configurations existe-t-il pour avoir alternativement un garçon et une fille ?",36,48,60,72,Aucune de ces réponses,D,,
227,"Une famille est composée de 7 membres. La moyenne des âges de la famille est de 20 ans. Sans les parents, la moyenne tombe à 12 ans. Sachant que le père a 2 ans de plus que la mère, quel est l'âge du père ?",38 ans,39 ans,40 ans,41 ans,Aucune de ces réponses,D,,
228,"Dans le trapèze isocèle suivant, les deux bases sont respectivement égales à 6 et 10. Quelle est la valeur de la partie noire ?",1/2,2/3,3/4,5/8,6/10,D,,
229,"Un peintre doit colorer une fresque similaire à celle-ci-dessous avec 4 couleurs (1 par zone) : Rouge, Noir, Vert, Blanc. Sachant qu'il faut que le vert soit placé avant le noir (c'est-à-dire plus à gauche), de combien de façons peut-il peindre sa fresque ?",6 façons,8 façons,10 façons,12 façons,14 façons,D,,
230,Une urne contient des boules numérotées de 1 à X. On constate que la probabilité qu'une boule tirée au hasard soit paire ou multiple de 3 est égale à 2/3. Laquelle des valeurs proposées ne peut pas correspondre à X ?,18,20,24,30,36,B,,
231,"Dans le trapèze isocèle suivant, les deux bases sont respectivement égales à 1 unité et 2 unités. Quelle est la valeur de la partie noire ?",1/2,2/3,3/4,5/8,6/10,B,,
232,2 amis disposent de 3 chemises et 2 pantalons. Combien de tenues différentes peuvent-ils peuvent mettre (simultanément) ?,6,12,15,18,36,B,,
233,"70% des retraités ont des lunettes. 60% des retraités sont des femmes, dont 70% qui ont des lunettes. Quel est le pourcentage des femmes parmi ceux qui portent des lunettes ?",50 %,55 %,60 %,65 %,70 %,C,,
234,"Dans cette figure représentant 3 cercles identiques et un triangle ayant pour sommet les centres des cercles, que vaut l'aire grise en proportion de l'aire blanche ?",√3/3π,3√3/π,√3/4,√3/π³,Aucune des réponses proposées,A,,
235,"Un article a subi une augmentation de 2 euros. Si l'augmentation avait été supérieure de 3 points de pourcentage, il aurait augmenté de 6 euros de plus. Quel est le pourcentage d'augmentation ?","0,5 %","0,75 %",1 %,"1,25 %","1,5 %",C,,
236,"On dispose d'un certain nombre de dés, dont 25% sont pipés (ils donnent 6 avec une probabilité égale à 1/2). Sachant qu'on a obtenu un 6 après un lancer, quelle est la probabilité que ce soit un dé pipé qui ait été lancé ?",1/2,1/4,2/3,3/4,4/5,A,,
237,"Complétez cette suite : 2, 10, 4, 11, 8, 13, 16, 26, 32, ?",88,96,22,54,67,A,,
238,"Une personne achète des pochettes pour ordinateur pour un total de 80 euros. Si elle en avait acheté 4 de plus, en payant chaque pochette 1 euro de moins, elle aurait dépensé la même somme totale. Combien de livres a-t-elle acheté initialement ?",8 pochettes,16 pochettes,36 pochettes,40 pochettes,Plusieurs réponses sont possibles,E,,
239,Une allée en forme de rectangle a des dimensions de 165 mètres par 210 mètres. Quelle est la surface maximale que peuvent prendre des parts carrées ?,154 m²,165 m²,225 m²,275 m²,330 m²,C,,
240,"Une horloge possède trois aiguilles distinctes. La première complète un tour en 20 secondes, la deuxième en 30 secondes, et la troisième en 50 secondes. Combien de tours la deuxième aiguille aura-t-elle effectué lorsque les trois aiguilles auront complété un tour ensemble pour la première fois?",5 tours,6 tours,8 tours,10 tours,12 tours,D,,
241,"7 équipes s'affrontent dans un tournoi. Si chaque équipe s'affronte exactement une fois avec chaque autre équipe, combien de matchs seront disputés au total ?",14 matchs,21 matchs,28 matchs,35 matchs,42 matchs,B,,
242,"Dans cette figure représentant un carré et un octogone régulier, que vaut l'aire blanche en proportion de l'aire grisée ?",2/7,2/8,2/9,2/10,2/11,A,,
243,"Un comité de 3 représentants doit être choisi parmi 7 familles (A, B, C, D, E, F, G). Chaque famille est représentée par au maximum une personne. La famille F refuse de participer au comité si la famille G est représentée. Combien y a-t-il de combinaisons pour le comité ?",25,30,35,45,50,B,,
244,"Pour subvenir aux besoins d'une excursion, un groupe de randonneur a prévu 15 jours de vivres. Sur leur route, ils croisent 6 randonneurs qui sont à court de vivres. Après leur avoir donné une quantité de vivre proportionnelle à leur nombre, il ne reste plus que 10 jours de vivres au groupe. De combien de personnes est composé le premier groupe de randonneurs ?",Il manque des informations,6,8,12,18,D,,
245,"Deux robinets remplissent une cuve de 140 litres. Le 1er robinet remplit la cuve à raison de 15 litres par minute. Pour remplir la cuve, le second a besoin de trois minutes de plus que lorsque les deux robinets sont ouverts en même temps. Quel est le débit du 2ème robinet ?",20 litres par minute,19 litres par minute,18 litres par minute,17 litres par minute,16 litres par minute,A,,
246,Sur la figure est représenté un triangle équilatéral ainsi que ses cercles circonscrit et inscrit. Quel est le rapport entre la surface du cercle inscrit et celle du cercle circonscrit ?,1/2,1/3,1/4,1/5,1/6,C,,
247,"Sachant que les 4 cercles de rayon 2 centimètres sont inscrits dans le grand carré, que vaut le périmètre de la figure noircie ?",3 × π,4 × π,5 × π,6 × π,7 × π,B,,
248,Que vaut la somme des chiffres de 100^89^ + 10^76^?,0,1,2,5,10,C,,
249,"Si 10 chevaux mangent 100 kilogrammes de granulés en 20 jours, combien de chevaux peut-on nourrir pendant 10 jours si on dispose de 200 kilogrammes de granulés ?",10,20,30,40,50,D,,
250,"Dans cette figure composée de 3 carrés, que vaut l'aire noire en proportion de l'aire blanche ?",1/2,1/3,2/3,3/4,4/9,D,,
251,On dispose de 153 tulipes et 117 roses. On souhaite composer des bouquets avec autant de tulipes et de roses. Combien chaque bouquet contiendra-t-il de fleurs ?,9,13,17,30,36,A,,
252,"Un joueur lance des paniers au basketball. S'il réussit son premier panier, la probabilité qu'il rate le suivant est de 0,4. S'il rate son premier panier, la probabilité qu'il rate le suivant est de 0,7. Sachant que la probabilité qu'il réussisse son premier panier est de 0,6, quelle est la probabilité qu'il rate son deuxième lancer ?",48 %,50 %,52 %,54 %,56 %,C,,
253,"3 nombres a, b et c suivent une suite géométrique croissante. Sachant que c'est un cube parfait, que vaut (b - a) ?",On ne peut pas répondre,a,a + c,a × c,a × (a - 1),A,,
254,"2 nombres A et B sont tels que : A + B = 138 et que si on ajoute 6 à A et à B, A représente les deux tiers de B. Que vaut B - A ?",20,25,30,35,40,C,,
255,"Il y a 3 sujets A, B, C. Chacun des élèves X, Y et Z reçoit un sujet ? Quelle est la probabilité que 3 élèves aient 3 sujets différents ?",1/9,2/9,3/9,4/9,5/9,B,,
256,"Lors d'une compétition de patinage artistique, les juges notent un couple de danseurs.. Sachant qu'un juge ne peut attribuer que des notes entières, et que la moyenne des notes distribuées est 8,125, quel est le nombre minimum de juges ?",16,14,12,10,8,E,,
257,Quel est le rapport de la surface d'un hexagone régulier inscrit dans ce cercle sur celle du cercle ?,3√3 / π,3√3 / 2π,√3 / 2π,√3 / π,√2 / 3π,B,,
258,"On dispose de trois cartes : - Une avec une face bleue et l'autre noire, - Une avec deux faces noires, - Une avec deux faces bleues. Si une carte est tirée au hasard et qu'elle montre une face bleue, quelle est la probabilité que l'autre face soit également bleue ?",1/4,1/3,1/2,2/3,3/4,D,,
259,"Une horloge possède trois aiguilles distinctes. La première complète un tour en 20 secondes, la deuxième en 30 secondes, et la troisième en 50 secondes. Combien de tours la deuxième aiguille aura-t-elle effectué lorsque les trois aiguilles auront complété un tour ensemble pour la première fois?",5 tours,6 tours,8 tours,10 tours,12 tours,D,,
260,"Pour obtenir 8^8^, à quelle puissance faut-il élever 4^4^ ?",2,"2,5",3,"3,5",4,A,,
261,"x et y sont deux nombres entiers premiers différents, supérieurs à 1 et inférieurs à 30. Leur somme est un carré. Quelle peut être la valeur du plus grand nombre des deux ?",13,17,19,23,29,E,,
262,"Un rectangle a pour largeur x et pour longueur y, avec x et y entiers naturels. Si on augmente la largeur de 4 cm et la longueur de 1 cm, alors l'aire du rectangle augmente de 37 cm². Si on diminue la largeur de 1 cm et la longueur de 3 cm, alors l'aire diminue de 19 cm². Quelle est l'aire initiale du rectangle ?",30 cm²,35 cm²,40 cm²,45 cm²,50 cm²,B,,
263,On lance deux dés non truqués. Quelle est la probabilité que le résultat du deuxième dé soit supérieur au résultat du premier ?,14/36,15/36,16/36,17/36,18/36,B,,
264,"Je parcours un tapis roulant de 150 mètres. A l'aller je mets 50 secondes, soit 3 fois moins qu'au retour. Quelle est la vitesse du tapis ?","0,5 m/s",1 m/s,"1,5 m/s",2 m/s,"2,5 m/s",B,,
265,"Dans la figure ci-dessous, on distingue 2 demi-cercles de rayon 2,5 cm et un rectangle. Sachant que les 2 triangles grisés sont isocèles, que vaut l'aire grisée en proportion de l'aire totale ?",1 / π,1 / 2π,1 / 2 + π,√3 / π,√2 / 3π,B,,
266,"Dans la figure suivante ABC est un triangle de surface égale à 50 cm², et les trois cercles à ses sommets sont tous de diamètre égal à 4 cm. Quelle est la surface de la partie grisée ?",50 - π,50 - 2 π,50 - 3 π,50 - 4 π,50 - 5 π,B,,
267,"Soit un dé est pipé. La probabilité d'obtenir 6 vaut 0,5 et les autres faces tombent de manière équiprobable. On lance ce dé deux fois. Quelle est la probabilité que la somme des deux chiffres obtenus soit égale à 8 ?",12 %,13 %,14 %,15 %,16 %,B,,
268,"Antoine a un capital séparé en 3 parties qui forment une suite géométrique de raison q entière, les 3 sont placées à 5 %, à la fin de l'année il y a 875 euros d'intérêts ». Quelle est la valeur de la plus petite des 3 parts ?",2 000,2 250,2 500,2 750,3 000,C,,
269,"On désire acheter un grand nombre de gâteaux à un pâtissier. Les 100 premiers gâteaux achetés coûtent le prix habituel, soit 400 euros les 100. Chaque gâteau supplémentaire acheté coûte 2 euros. Combien doit-on commander de gâteaux supplémentaires pour que le prix de revient d'un gâteau soit de 2,5 euros ?",210 gâteaux,250 gâteaux,300 gâteaux,520 gâteaux,600 gâteaux,C,,
270,"Soit un hexagone régulier et un losange, présentés comme sur la figure ci-dessous. Que vaut la proportion de l'aire grisée ?",1/2,1/3,1/4,3/7,3/8,B,,
271,"Dans la figure ci-dessous, que vaut le rayon R du cercle ?",8 cm,"8,5 cm",9 cm,"9,5 cm",10 cm,E,,
272,On prend deux pièces de monnaie. L'une est truquée de telle manière que la probabilité de tirer face est égale à 1/3 et l'autre est équilibrée avec une probabilité de tirer face égale à 1/2. On choisit l'une des deux pièces au hasard. On tire face. Quelle est la probabilité que la pièce choisie soit la pièce truquée ?,20 %,25 %,30 %,35 %,40 %,E,,
273,"Un capital d'un montant de 12 000 € est partagé en deux parts inégales. La plus petite est placée et rapporte 240 € au bout d'un an. La deuxième est placée, mais à un taux annuel correspondant au tiers du taux annuel de la première part, et rapporte au bout d'un an 160 €. Quelle est la valeur de la part la plus grande ?",7 500 €,8 500 €,7 000 €,6 500 €,8 000 €,E,,
274,Les valeurs des angles consécutifs d'un trapèze forment une progression arithmétique. Le plus petit des angles a pour valeur 66°. Quelle est la valeur du plus grand ?,111°,112°,113°,114°,115°,D,,
275,"La somme de deux entiers positifs est égale à 138. Si l'on rajoute 3 à chacun des deux, alors le plus grand sera égal à deux fois le plus petit. Quelle est la valeur de la différence entre le plus grand et le plus petit ?",48,45,40,37,33,A,,
276,"Une assemblée générale réunit 280 personnes. On dénombre 120 hommes qui portent une cravate, 110 hommes qui portent des lunettes dont parmi eux 60 qui portent aussi une cravate. On choisit une personne au hasard, quelle est la probabilité que ce soit un homme portant ni lunettes, ni cravate ?",2/7,5/14,5/18,5/7,11/28,E,,
277,"Un commerçant a acheté chez un grossiste un lot de boulons professionnels pour un montant de 360 €. Trois sont défectueux et impropres à la vente. Il décide de vendre les autres avec un bénéfice de 5 € par rapport à leur prix d'achat. Sur l'ensemble, il fait un bénéfice de 31 €. À quel prix a-t-il acheté chaque boulon ?",12€,14€,16€,18€,20€,D,,
278,"Une femme donne naissance à des quadruplés. Dans exactement 9 ans, son âge sera équivalent à la somme des âges de ses enfants. Si les enfants viennent de naître, quel était l'âge de la mère lors de leur naissance ?",23 ans,24 ans,25 ans,26 ans,27 ans,E,,
279,"Dans une fratrie de 4 enfants, quelle est la probabilité qu'il y ait autant de filles que de garçons ?",5/16,6/16,7/16,8/16,9/16,B,,
280,Soit un nombre AB à 2 chiffres tel que AB × BA = 252. Que vaut A + B ?,3,4,5,6,7,A,,
281,Albane et Béatrice s'engagent sur une route de 120 km. Albane s'engage en premier à la vitesse de 80 km/h. Béatrice part 5 minutes après Albane mais arrive 5 minutes avant elle. Quelle est la vitesse de Béatrice ?,85 km/h,90 km/h,95 km/h,100 km/h,105 km/h,B,,
282,"Combien y a-t-il de chemins possibles en se déplaçant seulement d'une case à la fois, horizontalement et verticalement ?",6,8,10,12,14,C,,
283,"Dans la figure ci-dessous, les deux carrés ont des côtés égaux dont la longueur est égale à 1 m. Les deux carrés ont un sommet commun et l'un d'entre eux possède un côté qui est placé sur la diagonale de l'autre. Quelle est la valeur de l'aire partie commune des deux carrés ?",3√2 – 1,2√2 – 1,√2 – 1,√2 + 1,2√2 + 1,C,,
284,"Un mathématicien observe un nombre de trois chiffres et constate que lorsqu'il retranche 495 à ce nombre, il obtient le nombre formé par les trois mêmes chiffres mais dans l'ordre inverse. Combien de nombres respectent cette propriété ?",25,28,33,40,60,D,,
285,"Les 88 enfants d'une école peuvent pratiquer jusqu'à 3 sports. Combien pratiquent 0 sports sachant que 31 en pratiquent exactement 1, 30 en pratiquent exactement 2 et 22 en pratiquent exactement 3 ?",3,4,5,6,7,C,,
286,"On a un lingot d'or au titre de 0,74. On lui ajoute 0,2 kg d'or pur et on obtient un lingot au titre de 0,75. Quel était le poids initial du lingot ?","3,6 kg","4,4 kg",5 kg,"5,7 kg","6,2 kg",C,,
287,"Que vaut le rapport I/M sachant que : I = 20 % de J, K = 25 % de L, M = 20% de L, J = 15 % de K",3 %,"3,25 %","3,5 %","3,75 %",Il manque des informations.,D,,
288,"Chaque personne offre 3 cadeaux à chaque autre, il y a eu 330 cadeaux offerts, combien de personnes ?",9,10,11,12,Aucune de ces réponses.,C,,
289,Que vaut l'aire de la partie grisée en proportion de l'aire totale ?,1/4,1/6,1/8,1/10,1/12,E,,
290,"Un agriculteur achète un champ de forme carrée à 5 € le mètre carré. Il clôt ce champ avec une palissade qui coûte 0,5 € par mètre. Tous les 10 mètres, il plante un piquet qui coûte 15 €. Sachant que la palissade a couté 100 €, combien l'agriculteur a-t-il dépensé au total ?",9 250 €,10 980 €,11 980 €,12 840 €,12 900 €,E,,
291,"Dans le carré ci-dessous, 4 cercles identiques sont inscrits, comme le montre la figure ci-dessous. Que vaut l'aire grise en proportion de l'aire totale ?",π/16,π/12,π/8,π/4,π/2,D,,
292,Soit la fraction 8/7. Quel nombre doit-on soustraire au numérateur et au dénominateur pour obtenir 1/6 ?,"6,2","7,7","8,2","9,4","9,8",C,,
293,Combien y a-t-il de carrés dans cette figure ?,35,40,45,50,55,E,,
294,"2 produits initialement de même prix subisssent des variations contraires. Un produit augmente de 10% tandis que l'autre diminue de 5%. Au final, leur différence est de la différence 60 euros. Quel est le prix final du produit qui a diminué ?",300 euros,380 euros,400 euros,420 euros,440 euros,D,,
295,"Combien d'anagrammes du mot TABLE peut-on décompter, avec un sens ou non, sachant qu'on veut qu'il y ait une consonne en première et dernière position ?",36,72,96,120,Aucune de ces réponses,A,,
296,"3 robinets remplissent une piscine en respectivement 3 heures, 3 heures 20 minutes et 5 heures, tandis qu'une vanne vide la piscine en 6 heures. Combien de temps faudrait-il pour remplir la piscine si on ouvrait les 3 robinets et la vanne ?",1h20,1h30,1h40,1h50,2h00,B,,
297,"En lançant 2 dés non pipés, quelle est la probabilité que la somme des 2 résultats obtenus soit égale à un nombre impair ou un nombre premier ?",17/36,19/36,1/2,2/3,Aucune de ces réponses,B,,
298,Complétez cette série logique : 10 -- 13 -- 801 -- 97 -- 997 -- ?,5555,6666,7777,8888,9999,E,,
299,"Soient 4 nombres A, B, C et D tels que la moyenne de A, B et C est égale à 21 tandis que la moyenne de B, C et D = 40. Quel est l'écart entre D et A ?",47,52,57,62,72,C,,
300,"Deux produits valent ensemble 396 €. Sachant que l'un coûte 20% de plus que l'autre, quel est le prix du plus cher ?",180 euros,202 euros,216 euros,220 euros,245 euros,C,,
301,"Un QCM comprend 15 questions, avec un système de notation suivant : +3 points pour une réponse correcte, -1 point pour une réponse incorrecte, et 0 point pour une question sans réponse. Si un candidat obtient un total de 24 points, combien de questions n'a-t-il pas répondues ?",2,5,8,7,Plusieurs réponses sont possibles,E,,
302,On a 8 nombres différents strictement positifs dont la moyenne est de 8. Quelle est la valeur maximale du plus grand ?,32,33,34,35,36,E,,
303,"De combien de façons peut-on placer 6 personnes (A, B, C, D, E et F) sur une table hexagonale de 6 places, sachant C ne peut pas s'asseoir en face de E ?",556,566,576,586,596,C,,
304,"Un échiquier carré d'aire 361 cm² est composé de 64 cases aux mesures identiques ainsi que d'une bordure de 1,5 cm de large. Quelle est l'aire occupée par les cases blanches de l'échiquier, sachant que la moitié des cases sont blanches ?",128 cm²,96 cm²,72 cm²,60 cm²,48 cm²,A,,
305,On divise en deux morceaux une baguette de 17 cm. L'aire du rectangle obtenue en utilisant comme côtés ces morceaux est de 52 cm². Quelle est la différence entre la longueur et la largeur des deux morceaux ?,10 cm,9 cm,8 cm,7 cm,6 cm,B,,
306,Deux clientes donnent la même somme d'argent au boulanger. Ce dernier rend 4 pains et 34 euros à la première cliente et 9 pains et 14 euros à la deuxième cliente. Combien coûte un pain ?,"2,5 euros",3 euros,"3,5 euros",4 euros,5 euros,D,,
307,"Si je roule à 12 km/h, j'arrive à 17h, mais si je roule à 20 km/h j'arrive à 15h. À quelle vitesse dois-je rouler pour arriver à 16h ?",14 km/h,"14,5 km/h",15 km/h,"15,5 km/h",16 km/h,C,,
308,"Quatre duos, constitués d'un père et d'un fils doivent constituer deux équipes ayant un même nombre de joueurs. De combien de manière peut-on constituer deux équipes sachant qu'une équipe ne peut pas comprendre un père et un fils?",8,16,14,12,10,A,,
309,"Dans la figure ci-dessous sont représentés trois cercles égaux de centres respectifs A, B et C. Que vaut l'aire de la partie grisée de la figure exprimée en proportion de l'aire du triangle ABC ?",π/√3,π/2√3,π/5,3π/7,3/4,B,,
310,"Les 2 figures ci-dessous ayant le même périmètre, que vaut x ?",1 cm,2 cm,3 cm,4 cm,Plusieurs réponses sont possibles,C,,
311,"Un guide touristique propose de faire visiter 3 arrondissements sur les 20 que compte la capitale. Combien de circuits de 3 arrondissements peut-il organiser (l'ordre n'importe pas, ce qui signifie, par exemple, que le circuit : 1^er^ -- 2^ème^ -- 3^ème^ arrondissements est le même que le circuit : 1^er^ -- 3^ème^ -- 2^ème^ arrondissements) ?",3,3 !,1 140,6 840,9 870,C,,
312,"En mélangeant trois quarts de litre d'une boisson contenant 10 % d'alcool avec cinq quarts de litre d'une autre boisson contenant 34 % d'alcool, quel pourcentage d'alcool obtient-on dans ce nouveau mélange ?",20 %,22 %,25 %,28 %,30 %,C,,
313,"Une joueuse de tennis gagne 48 % de ses 300 matchs. Combien de matchs doit-elle jouer, en admettant qu'elle les remporte tous, pour passer à 50 % de victoires ?",6,8,10,12,15,D,,
314,"Sachant que l'aire grise est égale à 2π – 4 cm², quelle est la valeur du côté du carré ?",1 cm,"1,5 cm",2 cm,"2,5 cm",3 cm,C,,
315,"Quelle est l'augmentation d'un paquet de chips vendu au même prix, mais dont la quantité a diminué de 20 % par rapport à l'année précédente ?",15 %,18 %,20 %,22 %,25 %,E,,
316,"La gérante d'un centre commercial dresse le bilan de la journée. Sachant qu'un homme dépense 3 fois plus qu'une femme et que 60 % des clients sont des femmes, quelle a été la part des dépenses réalisée par les hommes aujourd'hui ?",1/3,1/2,3/5,2/3,3/4,D,,
317,"Sachant que ma montre retarde de 30 secondes toutes les 144 minutes et que je viens de la régler à l'heure juste à 20h00 exactement, quelle heure sera-t-il exactement quand me montre affichera de nouveau 20h00 ?",19h55,20h03,20h04,20h05,20h06,D,,
318,Que vaut le rapport entre l'aire d'un hexagone régulier de côté 1 cm et l'aire d'un octogone régulier de côté 1 cm ?,$\frac{6\ }\sqrt{3}}{28\ }$,$\frac{36\sqrt{3}}{5\ }$,$\frac{12\ \sqrt{3}}{18\ }$,$\ \frac{\ \sqrt{3}}{7\ }$,Aucune de ces réponses,A,,
319,"Dans un questionnaire, on peut répondre « oui » ou « non » à 2 questions. Sachant que 51 personnes ont répondu à ce questionnaire, que 17 personnes ont répondu « oui » à la question 1, que 20 personnes ont répondu « non » aux 2 questions et que 5 personnes ont répondu « oui » uniquement à la question 1, combien de personnes ont répondu « oui » aux 2 questions ?",9,10,11,12,14,D,,
320,"Dans un ballon sphérique initialement de 100 cm^3^, on insuffle 2,6 litres d'air. Par combien le volume s'en trouve-t-il multiplié ?","0,27","2,7",27,270,2700,C,,
321,"Dans la figure ci-dessous, composée de 3 triangles équilatéraux, que vaut l'aire grise en proportion de l'aire totale ?",1/2,1/3,1/4,2/3,3/7,A,,
322,"L'entreprise A a acheté 6 fois plus de produits que l'entreprise B. Sachant que l'entreprise B a payé chaque produit 3 fois plus cher que l'entreprise A, que représente la dépense de B en pourcentage de la dépense totale des deux entreprises ?",1/2,1/3,1/4,1/5,2/5,B,,
323,Une course oppose 1 331 participants. On organise des manches au cours desquelles 11 athlètes concourent à chaque manche. Le gagnant affronte les autres gagnants toujours par groupe de 11 et ainsi de suite. Combien de manches seront organisées ?,1 331,133,121,110,11,B,,
324,Un objet de 500 kilogrammes est composé à 99 % d'eau. On le laisse sécher de sorte qu'il ne contient plus que 98 % d'eau. Quel est le poids de l'objet restant ?,498 kg,400 kg,300 kg,250 kg,2 kg,D,,
325,"Un prix dans un magasin augmente de 20 €. Pour revenir au prix initial, il faut appliquer une réduction de 20 %. Quel est le prix initial du produit ?",120 euros,110 euros,100 euros,90 euros,80 euros,C,,
326,"Quel est mon âge sachant que, si je meurs à 80 ans, mon âge équivaut au 3/5 du temps qu'il me reste à vivre ?",30 ans,35 ans,40 ans,45 ans,50 ans,A,,
327,On considère un troupeau composé exclusivement de chameaux et de dromadaires. On dénombre 88 animaux et 139 bosses. Combien y a- t-il de chameaux ?,27,37,41,51,57,D,,
328,"Dans la figure ci-dessous, tous les cercles se touchent entre eux. Sachant que le diamètre de chaque cercle est de 2 cm, quelle est l'aire de la partie blanche ?",$\pi$,2 $\pi$,7 $\pi$,9 $\pi$,9 $\pi$/4,B,,
